,Adjusted P-value,Combined Score,Gene_set,Genes,Odds Ratio,Old Adjusted P-value,Old P-value,Overlap,P-value,Term
0,0.003386984379698137,1377.8664900934975,Reactome_2016,LUM;OMD;OGN,105.82010582010582,0,0,3/7,2.213715280848456e-06,Defective CHST6 causes MCDC1_Homo sapiens_R-HSA-3656225
1,0.0016934921898490688,1377.8664900934975,Reactome_2016,LUM;OMD;OGN,105.82010582010582,0,0,3/7,2.213715280848456e-06,Defective ST3GAL3 causes MCT12 and EIEE15_Homo sapiens_R-HSA-3656243
2,0.0011289947932327125,1377.8664900934975,Reactome_2016,LUM;OMD;OGN,105.82010582010582,0,0,3/7,2.213715280848456e-06,Defective B4GALT1 causes B4GALT1-CDG (CDG-2d)_Homo sapiens_R-HSA-3656244
3,0.0013338117786771539,477.357762209102,Reactome_2016,LUM;OMD;OGN;BGN,37.986704653371326,0,0,4/26,3.4870896174566117e-06,Diseases associated with glycosaminoglycan metabolism_Homo sapiens_R-HSA-3560782
4,0.004196150001147177,691.1835149650798,Reactome_2016,LUM;OMD;OGN,61.7283950617284,0,0,3/12,1.3712908500480973e-05,Keratan sulfate degradation_Homo sapiens_R-HSA-2022857
5,0.0444985379976438,237.40912179680672,Reactome_2016,LUM;OMD;OGN,27.43484224965707,0,0,3/27,0.00017450407057899528,Keratan sulfate biosynthesis_Homo sapiens_R-HSA-2022854
