,Adjusted P-value,Combined Score,Gene_set,Genes,Odds Ratio,Old Adjusted P-value,Old P-value,Overlap,P-value,Term
0,0.008021896395442464,6484.588501950642,Reactome_2016,GH1;PRL,533.3333333333334,0,0,2/15,5.243069539504879e-06,Prolactin receptor signaling_Homo sapiens_R-HSA-1170546
1,0.010533686756184263,3731.017576214832,Reactome_2016,GH1;PRL,333.3333333333333,0,0,2/24,1.3769525171482694e-05,Growth hormone receptor signaling_Homo sapiens_R-HSA-982772
2,0.018825676976826262,2093.732157964463,Reactome_2016,GH1;PRL,205.1282051282051,0,0,2/39,3.691309211142404e-05,Nuclear signaling by ERBB4_Homo sapiens_R-HSA-1251985
