,Adjusted P-value,Combined Score,Gene_set,Genes,Odds Ratio,Old Adjusted P-value,Old P-value,Overlap,P-value,Term
0,0.006534345671182191,1151.898081813631,Reactome_2016,EBP;MVD;LSS,93.16770186335405,0,0,3/23,4.270814164171367e-06,Cholesterol biosynthesis_Homo sapiens_R-HSA-191273
1,0.020805041056886683,536.3487651510874,Reactome_2016,SCD;MVD;LSS,51.020408163265294,0,0,3/42,2.7196132100505466e-05,Activation of gene expression by SREBF (SREBP)_Homo sapiens_R-HSA-2426168
2,0.031313319405552736,377.8489269178212,Reactome_2016,SCD;MVD;LSS,38.96103896103896,0,0,3/55,6.13986655010838e-05,Regulation of cholesterol biosynthesis by SREBP (SREBF)_Homo sapiens_R-HSA-1655829
