,Adjusted P-value,Combined Score,Gene_set,Genes,Odds Ratio,Old Adjusted P-value,Old P-value,Overlap,P-value,Term
0,0.009623408249112666,5988.289901793288,Reactome_2016,CA1;HBB,500.0,0,0,2/8,6.2898093131455335e-06,Erythrocytes take up oxygen and release carbon dioxide_Homo sapiens_R-HSA-1247673
1,0.011329885645213112,3706.729043638835,Reactome_2016,CA1;HBB,333.3333333333333,0,0,2/12,1.4810308032958316e-05,Erythrocytes take up carbon dioxide and release oxygen_Homo sapiens_R-HSA-1237044
2,0.0075532570968087406,3706.729043638835,Reactome_2016,CA1;HBB,333.3333333333333,0,0,2/12,1.4810308032958316e-05,O2/CO2 exchange in erythrocytes_Homo sapiens_R-HSA-1480926
