,Adjusted P-value,Combined Score,Gene_set,Genes,Odds Ratio,Old Adjusted P-value,Old P-value,Overlap,P-value,Term
0,0.0009635331793996279,20397.03806966248,Reactome_2016,OGN;OMD,1428.5714285714284,0,0,2/7,6.29760247973613e-07,Defective CHST6 causes MCDC1_Homo sapiens_R-HSA-3656225
1,0.00048176658969981394,20397.03806966248,Reactome_2016,OGN;OMD,1428.5714285714284,0,0,2/7,6.29760247973613e-07,Defective ST3GAL3 causes MCT12 and EIEE15_Homo sapiens_R-HSA-3656243
2,0.00032117772646654265,20397.03806966248,Reactome_2016,OGN;OMD,1428.5714285714284,0,0,2/7,6.29760247973613e-07,Defective B4GALT1 causes B4GALT1-CDG (CDG-2d)_Homo sapiens_R-HSA-3656244
3,0.0007568206962278707,10944.26070570248,Reactome_2016,OGN;OMD,833.3333333333333,0,0,2/12,1.978616199288551e-06,Keratan sulfate degradation_Homo sapiens_R-HSA-2022857
4,0.002978687503315828,4438.406774063908,Reactome_2016,OGN;OMD,384.6153846153846,0,0,2/26,9.734272886653031e-06,Diseases associated with glycosaminoglycan metabolism_Homo sapiens_R-HSA-3560782
5,0.002680642142476069,4245.541649228543,Reactome_2016,OGN;OMD,370.3703703703703,0,0,2/27,1.0512322127357134e-05,Keratan sulfate biosynthesis_Homo sapiens_R-HSA-2022854
6,0.003245811710448482,3474.2195886071136,Reactome_2016,OGN;OMD,312.5,0,0,2/32,1.48501189366924e-05,Keratan sulfate/keratin metabolism_Homo sapiens_R-HSA-1638074
7,0.02183764515887769,1031.5569805705727,Reactome_2016,OGN;OMD,113.63636363636364,0,0,2/88,0.00011418376553661541,Diseases of glycosylation_Homo sapiens_R-HSA-3781865
8,0.03673346028539234,697.5095580117772,Reactome_2016,OGN;OMD,82.64462809917356,0,0,2/121,0.00021607917814936667,Glycosaminoglycan metabolism_Homo sapiens_R-HSA-1630316
