,Adjusted P-value,Combined Score,Gene_set,Genes,Odds Ratio,Old Adjusted P-value,Old P-value,Overlap,P-value,Term
0,0.0048151955809636405,8446.001086562703,Reactome_2016,GH1;PRL,666.6666666666666,0,0,2/15,3.1471866542246024e-06,Prolactin receptor signaling_Homo sapiens_R-HSA-1170546
1,0.006324815208072925,4876.312622807016,Reactome_2016,GH1;PRL,416.6666666666666,0,0,2/24,8.267732298134543e-06,Growth hormone receptor signaling_Homo sapiens_R-HSA-982772
2,0.01130929550643794,2747.8310271672212,Reactome_2016,GH1;PRL,256.4102564102564,0,0,2/39,2.2175089228309688e-05,Nuclear signaling by ERBB4_Homo sapiens_R-HSA-1251985
3,0.03698379211246898,1141.2350822952133,Reactome_2016,GH1;CGA,123.45679012345678,0,0,2/81,9.668965258161824e-05,Peptide hormone metabolism_Homo sapiens_R-HSA-2980736
