,Adjusted P-value,Combined Score,Gene_set,Genes,Odds Ratio,Old Adjusted P-value,Old P-value,Overlap,P-value,Term
0,0.009623408249112666,5988.289901793288,Reactome_2016,JUN;FOS,500.0,0,0,2/10,6.2898093131455335e-06,Activation of the AP-1 family of transcription factors_Homo sapiens_R-HSA-450341
1,0.0463284603563882,1618.6457743402254,Reactome_2016,JUN;FOS,166.66666666666666,0,0,2/30,6.0560078897239466e-05,MAPK targets/ Nuclear events mediated by MAP kinases_Homo sapiens_R-HSA-450282
17,0.048925242504064284,405.4409274757257,Reactome_2016,JUN;FOS,54.34782608695652,0,0,2/92,0.0005755910882831093,Toll Like Receptor 2 (TLR2) Cascade_Homo sapiens_R-HSA-181438
19,0.048927686941027684,379.10838084787287,Reactome_2016,JUN;FOS,51.546391752577314,0,0,2/97,0.0006395776070722573,Toll Like Receptor 3 (TLR3) Cascade_Homo sapiens_R-HSA-168164
20,0.04659779708669303,379.10838084787287,Reactome_2016,JUN;FOS,51.546391752577314,0,0,2/97,0.0006395776070722573,TRIF-mediated TLR3/TLR4 signaling_Homo sapiens_R-HSA-937061
